Problem,Training set mean,Training set stddev,Validation set mean,Validation set stddev,Test set mean,Test set stddev,Test set classificaction mean,Test set classification stddev,Overfit mean,Overfit stddev,Total epochs mean,Total epochs stddev,Relevant epochs mean,Relevant epochs stddev
diabetes1.dt,33.33333333333332,7.105427357601002E-15,36.979166666666664,0.0,35.93749999999999,0.0,70,0.0,0.0,0.0,0,0.9128709291752769,0,0.0
diabetes2.dt,33.081597222222165,0.046746222284153746,36.97916666666655,1.1368683772161603E-13,35.93749999999999,0.0,78,0.0,0.0,0.0,0,0.0,0,0.0
diabetes3.dt,32.430555555555564,0.6527177498995683,36.197916666666885,0.7812499999999999,35.93749999999999,0.0,69,0.0,0.0,0.0,0,0.0,0,0.0
