Problem,Training set mean,Training set stddev,Validation set mean,Validation set stddev,Test set mean,Test set stddev,Test set classificaction mean,Test set classification stddev,Overfit mean,Overfit stddev,Total epochs mean,Total epochs stddev,Relevant epochs mean,Relevant epochs stddev
diabetes1.dt,36.45833333333332,7.105427357601002E-15,36.979166666666664,0.0,64.06249999999999,0.0,122,0.0,0.0,0.0,0,1.5811388300841898,0,0.0
diabetes2.dt,43.02083333333333,2.1875000000000018,36.97916666666661,5.6843418860808015E-14,64.06249999999999,0.0,114,0.0,0.0,0.0,0,0.0,0,0.0
diabetes3.dt,42.25260416666668,2.675931729852223,36.19791666666678,0.7812499999999999,64.06249999999999,0.0,123,0.0,0.0,0.0,0,0.0,0,0.0
