Problem,Training set mean,Training set stddev,Validation set mean,Validation set stddev,Test set mean,Test set stddev,Test set classificaction mean,Test set classification stddev,Overfit mean,Overfit stddev,Total epochs mean,Total epochs stddev,Relevant epochs mean,Relevant epochs stddev
diabetes1.dt,34.11458333333332,7.105427357601002E-15,36.979166666666664,0.0,35.93749999999999,0.0,70,0.0,0.0,0.0,0,1.5811388300841898,0,0.0
diabetes2.dt,34.348958333333314,0.5639689538465548,36.97916666666661,5.6843418860808015E-14,35.93749999999999,0.0,78,0.0,0.0,0.0,0,0.0,0,0.0
diabetes3.dt,33.21614583333336,1.2144326798719534,36.19791666666678,0.7812499999999999,35.93749999999999,0.0,69,0.0,0.0,0.0,0,0.0,0,0.0
